INSERT INTO users(id, name, username, password, role) VALUES (1000, 'admin', 'admin', '$2a$12$AV/eZ2oPE71QY8mUJjz0zehS3cIlBADRYcSZjcCvIP3tR4YSqQWTW', 'ADMIN')

INSERT INTO teacher(id, name, dna, address, phone_number, email) VALUES (1000, 'Alfonso', '12345098', 'california, miami us', '102 8796 980', 'alfonso123@mail.com')
INSERT INTO teacher(id, name, dna, address, phone_number, email) VALUES (2000, 'Anthony', '23145988', 'carabobo, venezuela', '879 4253 564', 'antho9@mail.com')
INSERT INTO teacher(id, name, dna, address, phone_number, email) VALUES (3000, 'Frank', '12145320', 'texas, us', '200 7869 654', 'fran09@mail.com')
INSERT INTO teacher(id, name, dna, address, phone_number, email) VALUES (4000, 'Jose', '9879665', 'maracay, venezuela', '101 6752 667', 'jos3@mail.com')
INSERT INTO teacher(id, name, dna, address, phone_number, email) VALUES (5000, 'Paola', '23100987', 'florida, carabobo valencia', '143 6579 008', 'pao23@mail.com')
INSERT INTO teacher(id, name, dna, address, phone_number, email) VALUES (6000, 'Mireya', '34090870', 'vargas, venezuela', '213 0098 786', 'mire12@mail.com')
INSERT INTO teacher(id, name, dna, address, phone_number, email) VALUES (7000, 'Maria', '30800900', 'munich, germany', '113 7865 908', 'mari43@mail.com')

INSERT INTO level(id, number) VALUES (1, '1')
INSERT INTO level(id, number) VALUES (2, '2')
INSERT INTO level(id, number) VALUES (3, '3')
INSERT INTO level(id, number) VALUES (4, '4')
INSERT INTO level(id, number) VALUES (5, '5')
INSERT INTO level(id, number) VALUES (6, '6')

INSERT INTO career(id, name, duration) VALUES (1000, 'Administración de Empresa', 6)
INSERT INTO career(id, name, duration) VALUES (2000, 'Informatica', 5)
INSERT INTO career(id, name, duration) VALUES (3000, 'Aduanas', 5)
INSERT INTO career(id, name, duration) VALUES (4000, 'Analisis de Sistemas', 6)
INSERT INTO career(id, name, duration) VALUES (5000, 'Contaduria', 6)

INSERT INTO course(id, name, teacher, level) VALUES (1000, 'Matematica I', 2000, 1)
INSERT INTO course(id, name, teacher, level) VALUES (2000, 'Matematica II', 2000, 1)
INSERT INTO course(id, name, teacher, level) VALUES (3000, 'Fisica I', 5000, 1)
INSERT INTO course(id, name, teacher, level) VALUES (4000, 'Fisica II', 4000, 1)
INSERT INTO course(id, name, teacher, level) VALUES (5000, 'Programación I', 1000, 1)
INSERT INTO course(id, name, teacher, level) VALUES (6000, 'Literatura', 6000, 1)
INSERT INTO course(id, name, teacher, level) VALUES (7000, 'Informatica I', 4000, 1)

INSERT INTO career_course(id, id_career, id_course) VALUES (1000, 1000, 1000)
INSERT INTO career_course(id, id_career, id_course) VALUES (2000, 1000, 3000)
INSERT INTO career_course(id, id_career, id_course) VALUES (3000, 1000, 6000)
INSERT INTO career_course(id, id_career, id_course) VALUES (4000, 2000, 1000)
INSERT INTO career_course(id, id_career, id_course) VALUES (5000, 2000, 3000)
INSERT INTO career_course(id, id_career, id_course) VALUES (6000, 2000, 5000)
INSERT INTO career_course(id, id_career, id_course) VALUES (7000, 2000, 7000)
INSERT INTO career_course(id, id_career, id_course) VALUES (8000, 3000, 6000)
INSERT INTO career_course(id, id_career, id_course) VALUES (9000, 4000, 5000)
INSERT INTO career_course(id, id_career, id_course) VALUES (10000, 4000, 7000)
INSERT INTO career_course(id, id_career, id_course) VALUES (11000, 4000, 3000)
INSERT INTO career_course(id, id_career, id_course) VALUES (12000, 4000, 1000)
INSERT INTO career_course(id, id_career, id_course) VALUES (13000, 5000, 1000)
INSERT INTO career_course(id, id_career, id_course) VALUES (14000, 5000, 6000)

INSERT INTO student(id, name, dna, phone_number, email, status, level, career) VALUES (1000, 'Alfredo', '12345099', '102 8796 980', 'alfredo123@mail.com', 'on', 1, 1000)
INSERT INTO student(id, name, dna, phone_number, email, status, level, career) VALUES (2000, 'Fernando', '23145989', '879 4253 564', 'fern4ndo@mail.com', 'off', 2, 4000)
INSERT INTO student(id, name, dna, phone_number, email, status, level, career) VALUES (3000, 'Javier', '12145321', '200 7869 654', 'javi89@mail.com', 'off', 6, 3000)
INSERT INTO student(id, name, dna, phone_number, email, status, level, career) VALUES (4000, 'Daniela', '9879666', '101 6752 667', 'dani24@mail.com', 'on', 6, 2000)
INSERT INTO student(id, name, dna, phone_number, email, status, level, career) VALUES (5000, 'Cristina', '23100988', '143 6579 008', 'cristi@mail.com', 'on', 4, 5000)
INSERT INTO student(id, name, dna, phone_number, email, status, level, career) VALUES (6000, 'Mia', '34090871', '213 0098 786', 'mia@mail.com', 'off', 6, 5000)
INSERT INTO student(id, name, dna, phone_number, email, status, level, career) VALUES (7000, 'Sonia', '30800901', '113 7865 908', 'son1@mail.com', 'on', 3, 1000)

INSERT INTO users(id, name, username, password, role) VALUES (2000, 'alfredo', '12345099', '$2a$12$0sqmipPvtEZSOykuIAsAKOJ0nbcBdM8XQnQtcekQTV4gI8act3qw6', 'STUDENT')
INSERT INTO users(id, name, username, password, role) VALUES (3000, 'fernando', '23145989', '$2a$12$4BRr/ZKus/H4e8poMgjpXOCH.9TvJSVHcElvoMIRuxNI52P4Xe2bm', 'STUDENT')
INSERT INTO users(id, name, username, password, role) VALUES (4000, 'javier', '12145321', '$2a$12$ahJriSWBGplPNFwgv6BfSucC5nUle/EqeHXWKOlsSjhZoYAnCrira', 'STUDENT')
INSERT INTO users(id, name, username, password, role) VALUES (5000, 'daniela', '9879666', '$2a$12$zKWUtmDpTeD7Mv4kqsggQeNaOI3LJyoyaplnPm5qpLwEuFftP2ubS', 'STUDENT')
INSERT INTO users(id, name, username, password, role) VALUES (6000, 'cristina', '23100988', '$2a$12$LsJw9T3BjF9BQvFmfjS7Cu5iJPY7.GKrmU9Yirr7p9AwBcEnJw0Zi', 'STUDENT')
INSERT INTO users(id, name, username, password, role) VALUES (7000, 'mia', '34090871', '$2a$12$oDf8y80gIKnj55ODBoP1xeUs2pNMDVtxGPhgaC8je8ekeTJ7DQnsq', 'STUDENT')
INSERT INTO users(id, name, username, password, role) VALUES (8000, 'sonia', '30800901', '$2a$12$0tq1wZRsJwSYQcfRm7eQCORuPH83Cyne9rGL6JziRg2frd51SwCsm', 'STUDENT')
INSERT INTO users(id, name, username, password, role) VALUES (10000, 'alfonso', '12345098', '$2a$12$yWK.27B59NCqlxD03zkklOqNKrzHuyqZ8rT9A8tJDAlk8eBvzwRoe', 'TEACHER')
INSERT INTO users(id, name, username, password, role) VALUES (11000, 'anthony', '23145988', '$2a$12$B.8C1b4lMAyV8ByWuXsnz.spzQcz/CnR/IQ45nV8BII5uBVNjvhZe', 'TEACHER')
INSERT INTO users(id, name, username, password, role) VALUES (12000, 'frank', '12145320', '$2a$12$8cPxbDL4vIbgEuENWE3w2OnfdC/j831tUo/rtbsV177X9zPBZAuta', 'TEACHER')
INSERT INTO users(id, name, username, password, role) VALUES (13000, 'jose', '9879665', '$2a$12$kwfzNMGgMy7G/rOOMhiMVeHqY9DX8k/uGvjJCF.4cl45W/y0c/u0i', 'TEACHER')
INSERT INTO users(id, name, username, password, role) VALUES (14000, 'paola', '23100987', '$2a$12$U34fm3mEXYTPenvdI8mAruURvAajNS0.5Dm8BFM5WPLddZlyPPycS', 'TEACHER')
INSERT INTO users(id, name, username, password, role) VALUES (15000, 'mireya', '34090870', '$2a$12$c8Wa3vMVjLAyYgO5v2QbnOeZKGXgbpbwIQej7KWeallhjh0GPvE76', 'TEACHER')
INSERT INTO users(id, name, username, password, role) VALUES (16000, 'maria', '30800900', '$2a$12$RwcqgMCF3MgEkEhgvAi23eUbu2pW0V/xPK9jdoKJCzeMnGtxUs/K2', 'TEACHER')
